yt_id,imdb_id
4lat6XqtJ0A,tt0328828
d5jxXkpstv4,tt0119874
vBAK4o8zHF4,tt0318155
AhH1Yqw-gmA,tt1951264
wwe_yos_-ew,tt0120684
EYHLDJuEUoc,tt0305357
Yxzq9BLE5Hg,tt0097351
5vZ-SYX-4oY,tt1263670
j4OMpEp-bFk,tt1711525
OxLmmTv6CTs,tt3110958
XMt98-MEWmw,tt1119646
2NPSwpdx6iQ,tt1731141
LCt7YtB6P7g,tt0120696
F1SfzV67Bqw,tt0118715
uBPs4AHD52Y,tt0837562
bllBC-ThwjQ,tt0457400
QCS1Gnwbtp0,tt0375063
ctrJ0-TLUHQ,tt0063522
xby81m1GtH8,tt0267913
MIjkFrmSCYU,tt0082846
3oqt6V9aJIM,tt2005374
IV79EIZVuHQ,tt0141926
8wUtvaL4G9s,tt1013743
PJpGMrH7RWs,tt0164184
IMYTK5IyZ9E,tt1450321
8TcZDzWEVDM,tt4701182
XN7uqQnAxIc,tt0483607
Z_0TQHoV_2I,tt1130884
G3BQd2K3maI,tt0256380
jlUPc1tu64s,tt0329575
zJO4Chs7-lg,tt0192614
ADMAw7UKLsg,tt0101921
kJg3GP4tH94,tt0095489
ypKY-4583qM,tt0325703
PomVYrPHoAg,tt2671706
-zoOpeF5Yzc,tt0335559
HCqR0_a6_so,tt0099810
L8eQ78agzQg,tt0207201
9W5MiCLa9DU,tt0208003
1u0rQ7J3oS4,tt0455499
ysIsqzXZyN0,tt0097733
74256F5BtiI,tt0276751
4cWDWIgBXrw,tt0448075
4gjiQwh1p6M,tt0335266
1FZ2FA-epcE,tt0112641
HFAGAjkDaOU,tt0090633
LOxqK6o4NN0,tt0101912
OYlBy85zxdo,tt0076729
0_1NU60qHWs,tt0441773
Pi392aPIVHc,tt0800003
NcMHcR5IzEY,tt2011159
o0lDxz0-Ukg,tt1979320
0hNbRd78jOE,tt0120630
BWWFJ2yjQGE,tt0104070
f58Ba78abHg,tt0386117
QC0kTcAlf64,tt3960412
94J4AzRTLE8,tt2493486
y5oIDeR0YjA,tt1023111
2I91DJZKRxs,tt0073195
FRVB-HBxR98,tt0055798
S6iFW-HoFwc,tt0049730
PMmvUWqeS80,tt1065073
rZlzxsrv4ow,tt0790736
_VIWqtzAHQ0,tt0119488
fWallK7KgrY,tt1175709
8ZezvNWgi4M,tt0132477
Le-bfbn43WE,tt3605418
tdCot34--pc,tt0070735
BWWfy9YSQmw,tt0320691
v3E4s7VN4xE,tt0098084
MC_Wv7-i2Es,tt1634122
SbTWLdT_tgk,tt0106598
DSGYElDi38s,tt0120601
qbfjO2d2S4Q,tt0340163
Upr2DiiSRDE,tt0082200
In_UKcRXzHs,tt0036613
odUsOcEqT4g,tt0112642
1UOLqmhi3AE,tt0976051
3FG9eGmAPeY,tt0492389
I0EUKDhQ7vk,tt0053291
H-cxAVTmQ0I,tt1007029
Tt2oL1sVVhM,tt1139668
Q4-XxWqSgH8,tt0241303
G8r48HzrYHE,tt3564472
WMIho_dolCA,tt0275022
omiio7SJIOE,tt0434124
zpdFj0w6Eg8,tt0101889
vGqM44xx4zI,tt5912454
iU0CuPH7akM,tt0093748
WjDLin6Egyw,tt0244244
Urj46blH8vo,tt1262416
2oMW26rEZUk,tt0805570
oKXV-XQzUrY,tt0112431
7_AiHZa026w,tt1327773
srpCm9gPmZI,tt2967226
GSSXEGoO53Y,tt0119081
VflasoWmuoA,tt1872181
Cx7ip9cWKJg,tt0150377
OJyRbpjlrmA,tt0852713
NgUGViWp3tg,tt0088323
coeU38xEhVU,tt0385267
jj5CG9kzDYY,tt1250777
fCuS78YHrOY,tt0098621
3mN85wFz_Vk,tt1343727
GltdSC_5Zzw,tt0949731
nWRxPDhd3d0,tt0093748
L5SM0HY5-vw,tt2911666
ndfLW-xm9Xk,tt0114694
rkPT_6JWenQ,tt2554274
2hWZyDGHNxI,tt0491747
Wurqpe5tNjA,tt4550098
hFJlpOjXf9s,tt0159365
PPKdHP8zWuo,tt0375063
2xUynRdzzsM,tt0208092
E7CPLxlfKaw,tt1270262
Snt_FLn3dwM,tt0144120
1TGWdRK-Ykk,tt2293640
7_uvEuNwUj4,tt0105695
oIjgZ-i9v_k,tt0349205
CpIgfRGUpU0,tt0101745
ve1Brtly9Y4,tt1764234
fr93wwtiKQM,tt0033467
-yyoLJuNIJU,tt2869728
QT1Tl6npLic,tt2223990
q2pzOimT9so,tt0493464
y5_Q3HufngU,tt1711525
hEZcqWRB2iU,tt0087078
RbdGl6wRKDc,tt6857112
hPF9nzzuMfo,tt0274558
8gvuU-U64d0,tt0099204
4akqi6YYIJw,tt0358273
Lk5QIK3_Cjo,tt0107076
XjC8-nEGnrE,tt0467200
h0w6WywbohM,tt0082495
j71oHN1i2pU,tt6095472
V7yhBe0E85E,tt1250777
7L2qP-xQ_7o,tt0118715
70eKt79PSQw,tt0837563
FZlm1ledK-I,tt0104438
hYQIObd_bog,tt0119174
dR3cjXncoSk,tt2250912
Pf5mDMWYRmE,tt0098067
jwjCPSUGPXU,tt7040874
swo423cXQuE,tt0377471
M-cO3MLYOy8,tt0112346
U7xQuGf5QHA,tt2848292
-2KG4lLGEl0,tt0318374
3IUoqFHJ6wk,tt2304933
2HuQzKat6hU,tt2119543
nqF0yFLjiXs,tt0087078
s-EheX9m-dE,tt0463985
Qc9eycqDJKk,tt7401588
Ua3NXljreQ4,tt0454945
uuWIaDATbnE,tt0844471
ZKuscOD0LOM,tt4701182
5kaBIMuW74Q,tt0099810
HhP2rEHWxCI,tt1748122
eP52omnnZmg,tt0384793
Fp5iPmpZiNE,tt0036855
bXpq-sf0Drk,tt0340377
9r4784rihOc,tt0322589
901lYbPmqu4,tt0181689
ZH7hyzPIbp0,tt0084787
EAd7cMSm4Ng,tt6772950
0lq1JIWQSlc,tt0170016
dLXri8sYr6Q,tt2848292
VmZ1ni2IDdo,tt0389860
a1REfTIc5po,tt0203009
57VO_eSiDG4,tt0312528
wMu4IBsX--I,tt0111161
SOcgrVL8Dg0,tt0218967
El0_VgXqgXU,tt0837562
YcbZKza_zUg,tt0099653
-npMZStX7dU,tt7690670
8T6_bpLwTrc,tt0277434
OCXvMchSYX4,tt0416320
-y6RPL5v1bU,tt3152624
p8L6CtsqDE4,tt0063350
4_zn64bRf6Q,tt1951264
m7xTvb-FAhQ,tt0055614
rqKaJ4Yp_oU,tt1658801
BiPY5_H9EIw,tt2709692
_d68kyNY0jI,tt0063350
GUDrinKzSus,tt0155267
LruyfJJT7qY,tt0186566
6VUfXGlADjU,tt0050468
wbt-sAOjnQQ,tt1078940
I8yvHZ7de2k,tt0369441
i6OCtSqrOQ0,tt0091541
FgF-RJYNzzY,tt1007029
FRvxzdkj_YI,tt0234215
2r8yw_fjoHA,tt0824747
97QNsiDKamk,tt0243736
mIGCgzqFR0s,tt3874544
CmkT8YU4jH8,tt0425112
8YDVV75itA0,tt2637276
H6DqWP733F4,tt0102057
a_4TTRfXkgk,tt0287717
WL56IXifi9w,tt1092026
4JE04So6OqU,tt2975590
SQNzOyXHbYY,tt0097239
IYqE3JfSbzA,tt0815245
iRdTetA_Dqo,tt0104257
BjsuTimPBAM,tt0243133
Ls_8cFgBUj4,tt0106677
v_wQqiFXgkY,tt1572315
iYP5-Dl3rhg,tt0082200
zQTDoxrgBeU,tt0186566
QQAd5xx0XHc,tt3799694
M-APah17AQA,tt0380510
BQdE0_Hy10M,tt0101507
GnAKqKB8ryc,tt0988849
agRBVqecl5Y,tt0333766
ZTi7bZGkJk4,tt1618442
hgGf5X8-j1s,tt0209144
LODjoHqYzyw,tt3316948
j_z70ZaqWUE,tt0093693
-34RUyP-DH8,tt1266029
vVmZO3W0I1A,tt1648190
JCo3QW-S310,tt3280262
4F_jLtYFT6Y,tt2473510
Mdp4T_G0Xsc,tt3322364
bkhUe1txLoc,tt1767372
rYHCZi-tmTE,tt1195478
9WY5gDBR0gM,tt1130884
VUGhvs8zMZ8,tt0871426
Ihd-NwI030c,tt0399201
Vzpu-P2eRuI,tt0268978
J_oIvRfVXoA,tt0832266
5AwBYVybnY0,tt0119468
IC8xA-bOXOo,tt0363547
s_7PfocHTmc,tt0112384
qAfsU2gI408,tt0112818
PlKDQqKh03Y,tt1210166
gwY85_MC_AY,tt0250494
l0zmCUVB0Yw,tt0096101
AJ4edZsgJAk,tt0120684
0tRSAQUheo0,tt0285742
jdp_wn_UrcE,tt0800320
wyHOKleZzFM,tt1540011
-T16rxR-nCo,tt0328828
5TSXq6wBPVM,tt1279935
_2LMj-4PtdU,tt0390022
b10LyOeq5Hs,tt1659337
7hwkR_wvrM8,tt1078940
0OppC7vTtY0,tt0479884
YjfLp0bll5U,tt1489889
dw9seHSkfw8,tt1175709
GN1LhsTj5CQ,tt2637294
1mVk7wal9bk,tt1959563
9JQEbj0uh0k,tt2386490
ri8WqeTAUDE,tt0099204
5y4ZUMVTGcI,tt0949731
tv_xMisf9oc,tt3321300
OdU3vEh3qfs,tt0265459
qEb51O12XFw,tt3614530
clP9p1ipHEw,tt1231587
lJ7F2kWLGuE,tt6921996
oY31D4QSB-Y,tt0095179
fEA9BJfaaYA,tt0301470
k6TPsaQRQus,tt1563738
FM_KxbSOjJk,tt0252028
nfFsHF8guzM,tt1753383
L9x5p-s4zKs,tt2377322
gKRyD4CSjto,tt0100157
b-_C0lWgga0,tt3530002
Wd5RTjtSSxk,tt1469304
uaLxw2PDnmk,tt3181822
pjmRcGHqKZ0,tt0395972
gCHCR0wZclg,tt4555426
FHSwbggymEU,tt0464154
6I5B0jyLBUg,tt0892791
CaAtavKP0-4,tt0117802
KXTBm9eUiko,tt2011159
l7-rpI0RrQU,tt0073802
o3s4QiK4MSM,tt3567288
KzUKcXxbU4U,tt3960412
sehGLkGe-iI,tt0098625
uQlKjRScXww,tt0110989
0zHmeTeLgMY,tt0112431
hP77V2X1Biw,tt0056217
GpLeHrROqRE,tt1563742
QnyzZbrrh9M,tt0386588
ttEZ7b4Cf9w,tt2975590
rviQWy48B_w,tt0887912
y8i5Nwg_TqU,tt0095647
0K6bVf4ra1w,tt4172430
3dluAhOU1cA,tt0116483
934iAVn9CKw,tt0101921
pOgf3IaWlgU,tt0106673
XvZhDq1NRhk,tt1709143
O1-lkTgl-ws,tt0408236
r2GpJzIdoYQ,tt2304933
0eC9f13FIJ0,tt0424993
1fM9KjHmVNw,tt3168230
awkGgPALfho,tt2510894
PahVp7p3XHg,tt0463998
zm9XOZXVyyU,tt2378507
USLznFhxNF4,tt1517489
PWz21cujw28,tt7008872
sIbYUg1FKK4,tt1119646
ay1hpFWZQnI,tt7401588
JVKMNw0uUGw,tt0076729
lVZNAyNWcgs,tt0976051
kHTAJHod8-g,tt0082846
DiNE5iYBuHA,tt0071577
p4Pq9aZVV9Y,tt2436386
iPcAns5pKVw,tt5109784
f6-8wpMn_8I,tt1307068
p_-Zm_G8cBI,tt0285742
E9uah5ldjvo,tt6823368
cqD8XBONBHY,tt0144120
bBil15ORYI0,tt0452594
HOpLncx62oY,tt0114898
YER_g7jph94,tt0100133
hA1BikUzBKc,tt0268397
KuIheGaiFLM,tt0105435
DcH_p1vfD1g,tt0241303
P4kQvkvGi9M,tt0059113
GzMBisWrn_M,tt3062096
jx6Rgn1ioAk,tt0299658
nTAYbwY6oeU,tt4701182
v5-gQQunvJw,tt0150377
S4PYI6TzqYk,tt0075860
MIpPd7IhPNA,tt1666801
0gouIFYgm2k,tt0312528
AhbCYVILusc,tt0441773
E0wfFdGnwx0,tt0070379
Kz6J6Y2DpL0,tt3316948
5Jdk3riKKwo,tt0195685
gQMtp2WxEA4,tt0090633
5e7c30eNNy4,tt0452598
MnMZeDmfgmU,tt0401792
XWgSKXw8ZwI,tt0090633
jq2tARSds7M,tt0252028
rh1lZYqwJAQ,tt1013753
_OtcwxERu50,tt0144084
inrI2qvps58,tt0368709
n4pUbyGBD18,tt0101635
N9hJ6pUeqxQ,tt0099141
gVdIiTE1ykg,tt4572792
umcyzRBeJtE,tt2250912
zjm_GqK-Kmo,tt0104438
AjAJNPCQ1Fs,tt0492044
tFBSGc3v7BI,tt2870612
9EOazpvA7-U,tt3062096
p92CKGAeQUY,tt0070379
YO2-9VWwiUI,tt0116191
Mq462kfFKI8,tt0134119
WCl3EnHnm_c,tt0032904
ZEqt7tr41Mk,tt0387564
tQJTJdTM0Wk,tt0268380
-SKfkvvtqN0,tt0069704
gEdTciZtW4o,tt1204977
_X6dHrTceEE,tt7008872
8p6L3Vl8ezA,tt0810819
mEzXLJL48nA,tt0267913
EdC7U0ZRALs,tt1825157
n_c7JtDNNUo,tt0118928
eoffuyXUhLs,tt2752772
NGtMNsci-zk,tt0486822
4g_oMoSgIas,tt3371366
kRg5-TIF9LQ,tt0412019
Jgmk5D4a8K8,tt0076729
qYEOmZzqX28,tt7424200
LMViEmB4_Fk,tt1289401
1WRLqzGkzNw,tt0036775
vUuAbRVVZwA,tt1483013
ygU2QenlIvU,tt0770752
IhTgiNhfF7k,tt0031725
geiub8WP_XE,tt1640484
mdcXOlUMfq0,tt0401792
ZPDbP3gms30,tt5952594
4hA7ILi4l68,tt5968394
iYf3nqYQXDI,tt0243655
LZ6HA66dXVw,tt4779682
1fVPS7eLbME,tt3063516
ZurT6BG1OM8,tt0108065
TQXuazYI_YU,tt0097958
3SiGgXIYppA,tt1078940
sdea5Iq5D_U,tt0492389
acO1g9PEIBM,tt0416236
Ru2Mvkf9dL8,tt0097366
xqeAW5qAHNQ,tt4537896
eMgfTq1Z2n8,tt1815862
5LZfv0tLZKE,tt0387564
I3K8xBfywg0,tt0095253
RMRJQL65AqA,tt2322441
Kq3TiuRC-VQ,tt0289765
C7ke6vWUu18,tt0343135
jr60kvuKw3w,tt0338526
z7tcVyV7wjw,tt0481499
5qfoeuQFFHw,tt0117381
AX-qpuOuDVg,tt8695030
aJY0vUsHL9Y,tt1655420
X1rnBQJxfdk,tt0103874
7Vhxv6URu5I,tt1272878
BJHzyg9AOsY,tt0091949
nW-NiGp1gys,tt0177789
717gDCZQsdc,tt0387564
cJYwpfA3HWY,tt0068245
PuFTYd0b6n0,tt0424993
H6XIREQHU8M,tt0115624
6D64t1trSRs,tt2034800
gWB-uAtqUIs,tt0276751
x3SUKG6l6FQ,tt0491747
YRruOzr9_w0,tt2702724
3uUUeNqdMMU,tt1535108
N6ffGVe63c0,tt0171363
bFWMtZmjwR4,tt1456635
cMwOJoesx8M,tt3450650
zvy5tDkETfQ,tt0095647
fY-Aprk4mtY,tt0384680
TSAdyzdX4eA,tt2170299
1RbdA_geYpU,tt0804497
iFm-KZgioX8,tt0362120
hFfQhVgQU44,tt7424200
aFnS18LM8Ws,tt0892769
FOM6rvU9xN4,tt0091541
1yi8Mc-5kLc,tt1307068
DMUnxdly1zI,tt0472160
JyEvCZ8kwW4,tt0419706
qcFVUGNUWuk,tt0345950
MneFTo1gRq0,tt0114814
hTzqKlFConk,tt0408236
NtgFKdWcKXY,tt0084787
LeA8ojVy8Fc,tt0829150
qaQUmqNJTO8,tt0469623
-nCYpOC-Gtk,tt0111161
UfeogSVgTsU,tt0080745
LPPJdOGshUM,tt0042192
hQogMjsahWU,tt0245562
ujX0y3zcvP8,tt0899106
EwSSmKP7ADQ,tt0119215
j1tkwdfz7n4,tt0496806
OywTdKpHE8M,tt0245562
qZmteh2hT9A,tt0408236
vGvDCmuDKKE,tt0335266
EKd7hAoXDPU,tt0424993
TffPDHIwQtc,tt0395169
1tfK_3XK4CI,tt0077975
UbwxGgR-EAM,tt0475290
x7qvOFN1QZg,tt0472181
sDEWZnPJGRU,tt0120794
fdw_aFH3To4,tt0102266
qPkKjKAyJ8I,tt2310332
pW-ZHlM3RxI,tt0114069
AV3CrPe-1q0,tt2345759
fnpUxSXWy6I,tt2788710
Z5Hmi5x6JA8,tt1093357
G9D_0pXaM68,tt0104438
Tggs6HJxghE,tt1305583
2kt3CmzYGu4,tt2543164
3jYu-qta0mU,tt0102526
uMH_Ajdp3E0,tt0899106
LwELqrqsf_o,tt0065528
etixMqUt8Ak,tt7334528
akMZQpIbTm4,tt0449059
PBVW7az0PkM,tt0817230
7wYMAJSnpVo,tt1045670
Mlv16s4DxwI,tt0042208
a_hsjTExzbw,tt1001526
jm7xE-OyJUY,tt1959490
p5n3koQZVDY,tt1262416
61xq5Kja1Uo,tt0268695
g3svdzmBtic,tt1430626
8MW3KJUa8FQ,tt0075860
cB0p96nOXjo,tt0780567
gQO9bgOLhmg,tt2406566
3orSzPUIVJw,tt0099653
eWP8JMcy3O0,tt2788710
xYIhxXt58uE,tt4779682
corlGzKJqAc,tt0035015
zt4ek_5zQgY,tt0088680
GSwNuK9xedg,tt0109831
EQG3I5efwWo,tt0177789
cZKYcRqPh-o,tt1951266
yBS-MktwqgI,tt0127536
7wZdMPB-O6Y,tt2091256
rku6u5PmiZ4,tt1130884
KLIB40d6Pz8,tt1430626
HIPljGWGNt4,tt0372588
zStjjc7SBto,tt0163651
3Avu3KdHGdo,tt4925292
6ZMZYrdXtP0,tt0120382
7RJnMME0XAw,tt0112384
v7tTCb-WU-A,tt0245046
vEaLVMOwHn4,tt5912454
p5lEvn7ejJI,tt0120780
ja00D_L5tm8,tt0120787
5pJOdrchPlo,tt0080678
dg6PaO0e6wA,tt4572792
1c7FYxTa2mQ,tt0134847
y6uK9wxhl_w,tt3553442
QQJDkZZaA00,tt0073802
71FkH7FwfFg,tt2230358
N7UtdTiuO3w,tt0218967
-p4TkuB20bs,tt0498381
nO7qxQsQK44,tt0371246
jxsvzuRl1O8,tt0218967
e198XToyAkk,tt6095472
fmRWWrBqiJE,tt0106701
I9NGZteE31I,tt4795124
L4fJ1ht5TJM,tt0109340
TajTfrf2yXs,tt1355630
RuFd7DELPYc,tt4701182
VfXFbuW47kA,tt0047296
dwMz7K0kr-M,tt1600195
tj3Trywp_zk,tt0837562
XHuo5etrwvY,tt5726086
4uVgjb0gO9E,tt0258068
qyvR5lglbTE,tt1234721
VVAlND4mt5s,tt1204977
cXCMz340CRg,tt0765429
MXYUFlvaGpk,tt0119874
WOBy9Q8Gf9I,tt0114852
EeEhcPAOGUo,tt0416508
wNbKp6IGhrc,tt0870111
v_lHiT6UVCE,tt0100935
ce5cnb_5dVk,tt3531824
UzTveNwweRM,tt2637294
t1TC-pegncQ,tt0454921
A6d0qIZY3Hg,tt6095472
yAmTu-R5MQM,tt0041090
gDPJG9FP3iM,tt1409024
7Dxxk1az9Uo,tt2872732
RYlj-btwi6o,tt0094721
B3v1kEzT4bA,tt0107387
-JERO2LQSKc,tt1213663
irhRobBI3BE,tt2908446
AgJE212GTcs,tt0068245
f6F6MzMT2g8,tt0112384
C-FH-TOuFpQ,tt0810819
PTOkGaI3ZAE,tt2937696
65pGOp7qa_s,tt0090633
5uvhg1AtZlQ,tt0822847
xCQ3ZdnptUM,tt1951266
E4rFRdmeWqU,tt6495770
wZaCK0PDUMI,tt0208003
R9WGPRckS1s,tt0063522
LkimMjwfjrQ,tt1291584
61ZwsdoEI9U,tt1211956
znxRGH92XDg,tt0120679
obnODOdLD7k,tt0094027
JyEYiaZW3Ok,tt0810819
bYO_AhZaG24,tt0318155
G36NDRDO6L8,tt0218967
1Rhs3PVAP4o,tt1596363
RkxAAilnLEI,tt0415306
JZZnBoruCik,tt0454921
Sqnrzd0HCRY,tt3717252
rGDHR_rveJc,tt1572315
Tx-kB1KKLJ0,tt0081398
euxVy9j6TTU,tt0275022
vXQlXYcAksI,tt7547410
Tf9j5763-Gc,tt0087800
Q-ABzsALkYs,tt7401588
DKtjBqJ4NxA,tt0086465
BZSb0JCWcXk,tt0032138
DLf5iJ2jOZ4,tt0375568
GCfWXNmFFbM,tt0054331
aJHRyOrRnQk,tt0431021
C0vM89y4088,tt3717490
8Y_Vepe_rVA,tt0103596
ACCoL8xk0Jg,tt0300051
QQ6SadUAXWQ,tt1153706
TMeiAg1kXKs,tt0120787
j8yAjWvAqyM,tt0345950
NPY5Iq-tCvk,tt6320628
aRmaCLDJ8Xk,tt0300532
V5ej5BJ55us,tt0080678
R1zRKVLsmrM,tt0096101
GbZZ2TDY5dA,tt7137846
KrIUn0qTaCE,tt1979320
dO_D5ilNoZA,tt0119488
K4j25DUQLgE,tt0256380
wbROoMNi8Ho,tt0112401
qCG-yxYUgJU,tt0365485
_yMeXMRn9KU,tt0060196
plqzeUB9B-w,tt0086425
C0SqH_PRfGU,tt0120647
gprLI38JwQ0,tt0096061
e72atw7hctA,tt1232783
0vVy9NBehoc,tt0345950
ocqy8r8rDI0,tt5462602
1pzV9GoSuys,tt1210166
faaBOJDQ_Lc,tt0275022
y8Jkls3xgvg,tt0118607
A_CGtuDwl-A,tt3874544
u455yxBv35A,tt0267913
v8OMHtUg9sU,tt0765429
90vUFwUp6mw,tt1817273
sf1LMw0a95g,tt1711525
c9YJ-KJZKyY,tt0101329
m0etOugqkPU,tt3564472
HYqSugRiG5Y,tt0085333
pYwgIQaq9qY,tt0118655
9DKqoFCTC6E,tt1229822
kt1aHAlXi4g,tt2241351
U6fx_zJtL8I,tt0329575
dKC2CPS9AFI,tt0066999
RRDbQPvtAxY,tt2279373
VUgsvd3ZjvA,tt0338526
6Dg0qouE5Zo,tt0318155
402xHwQGVsE,tt0106598
TvFwTMU0vyY,tt0090060
1Jk8IZYcxmQ,tt1700841
Q1IQ49BHkEg,tt0398165
iB89FIStq7Y,tt0092086
VFqbGbU8f8o,tt0385267
X0d8qyjQ20M,tt4382872
niFndjwElIY,tt0080678
wyRq2S8BTVM,tt0101764
omFpUjAzM9M,tt0097239
5IPCNRlCYP8,tt0112642
fo0KBFhChFU,tt3450650
QW1kAlnQLd4,tt1838544
Br9zd0KkFTU,tt0107362
x4CEkYJNir0,tt0037913
4cJs-f3NC6s,tt0049833
YhK1fYhl5dg,tt0412019
C0mHRQn_YrI,tt0413895
o94LScznlmY,tt0112642
wjkdynBFHuQ,tt0086465
fpqwsexDM0I,tt1764651
hgGi1ODlBBo,tt1386703
eAJLWSg5PIY,tt0120201
k2NaHBVVYzY,tt0083929
iX-nnY0x-SE,tt1135487
-U_IRXhodds,tt0457400
aTc9vNCS8vo,tt0113870
S0IfbNVCoCE,tt0091763
JJrTnnaEZ_w,tt4572792
fbrN51dPm0I,tt0365748
w424xCe0eGQ,tt5776858
qw34BbyVK7c,tt0120520
4FsDFOIWiHo,tt0120768
tUuzV9kwSBE,tt0356634
gI1_6ob3hio,tt0037913
yCIgtidXAnQ,tt1139328
z7coL1WcCoI,tt0116483
rl6SpFVJoUA,tt1078940
w0BK_hLT-Wo,tt1440129
_HoKFu0orAs,tt0036855
z7siqPhc1qc,tt5886046
Vn5WazNB5sU,tt3410834
9_T2VQgL2XY,tt2404435
mZwKEa09xTc,tt0358135
UIfdjPDPM-I,tt0120382
rSWBuZws30g,tt0079367
iDnE3PV4YNc,tt3890160
DTqY1j7wgD4,tt0490215
aoPKajvq3gE,tt0087182
69RNNex-sig,tt0249462
1_CfcecGCVA,tt1462758
fuwfQJrMgLI,tt2245003
FaSlQP79M-M,tt0358135
rChS9MeLW-w,tt0427969
QP_o0yWJYKM,tt3862750
KtekLRYl3q8,tt0264472
a6oC5iQB4u8,tt0285742
PQbyl1vsn1o,tt1658801
kHq3y20HhRk,tt1046173
I4mtL3Zs0Zs,tt3280262
hML3kvOUVZU,tt1920849
cVPTibn-ewI,tt0077766
yYQtZCaPFaM,tt3631112
kFCUCnNKmmI,tt0195685
DdG74P7j6h8,tt1979320
oUpzcxwFI6o,tt1355630
8e5fzbsfGCI,tt0355702
PEo3OnoPBI4,tt0236493
pMx5aSV7qFg,tt0163978
gjRCN-nrEl4,tt1211956
RRJ1EPuYkZQ,tt0073802
7JOey0CIgMM,tt1172570
QeTaNmnwFHo,tt0102266
BavTQmiA9mc,tt0425112
1CKEXvHN9es,tt0891527
s66zFW3nogU,tt0172495
mT5NiDGbnVM,tt0091541
9Fu4muqAsBM,tt2473682
3wqXNKYn-fQ,tt5052448
K53sv3l9DB4,tt0313737
9fEMKGFr-Sk,tt5117670
j477dAxaeck,tt0887883
X6YLAmKFpRM,tt0119528
6BGmQ21EekY,tt0298814
LIIzjJjsW8s,tt0317198
Jxs8p22Pq_Y,tt1655441
gEqHJ1tomnk,tt0078748
DCOm4osfWn8,tt0264464
9DaWcHIGk7I,tt0878804
OD69M9N_ihQ,tt0858479
DAPrbiJaej4,tt3960412
kNAO6eHuCjY,tt4666726
ytTSb8302aI,tt0052618
ndItN7hhtII,tt0369735
MAu2e0VbvY4,tt0298814
avXk2EamFs4,tt0119874
OT-cPtnytxo,tt0780567
lKqS8lnlJsc,tt2637294
nzjEYhUtRGc,tt0146316
tjpRBPJGPjY,tt1770734
UZnkAElIe_c,tt1340138
3SessG74yMk,tt0049414
Y2ZU8ZjyzoA,tt7008872
HfEjIU7Qbj8,tt6320628
F2zTd_YwTvo,tt0105323
JUuQ3MggHbw,tt0243736
7FkWC2S0MfY,tt0451079
jzzrFFivBKk,tt0098627
rrWLFKZafAc,tt3393786
QxNZJZrkdM0,tt1051904
CWS1CWSAmjs,tt3110958
2H7XknY3PMA,tt0036098
c9oE47YW6YM,tt6000478
4c_4MGTCgHY,tt6781982
UlIBiZxArGY,tt0175142
3e7wbs_xfas,tt0119396
ic7F0sCFcZ4,tt1231587
BjCjlMXLVtw,tt0864761
IXdycEK_38Y,tt0050212
4YFz0PJernc,tt1666801
wG6wio8azyE,tt0102510
UqKkfcG36V4,tt0340377
VCghHER3cOU,tt0486822
c-unYxWW6ws,tt1135487
2l_IUAcvfv8,tt0181689
Rd87CKvUHjU,tt0497465
vh7_WKODlE8,tt6857112
Ece-FTMuKFU,tt0479500
gXRw45jyIsE,tt0032904
JC2eKssXavo,tt0300051
ESkmmFHikgg,tt0976051
B86JJELi5Tg,tt1065073
BYmHra1d_Nw,tt0095031
hiREoiox0Tw,tt3168230
dvJqm3PFKLk,tt0047472
3rYbV-Q-VFo,tt0450405
ryyEEyKD9EU,tt3322364
GnbUZqkXBQM,tt0315733
eRNCIg86DKs,tt0058586
93qTzU2bNh8,tt7334528
WPggG_9I20E,tt3553442
1PLIzuZNuJI,tt0096787
RWfQwm_BgZY,tt0884732
t5qkPMvpDfg,tt0811138
gRBOrpdfsiM,tt1213663
sQFqzFD78Ck,tt0109340
hHWcoaM_59E,tt0457510
MVSH6eiGvSM,tt0325703
xDkXQ7uBr5M,tt6499752
rpy7vhvX8jw,tt0338216
fBXXvn4s-74,tt1640484
3T-VAi2Xqq8,tt0078788
4zBMw2XqgWY,tt0455944
h9WDm1k4Hz4,tt1216491
ZLjp7ahdbWc,tt0243133
8BY36nM4_HI,tt0049414
c5BJJbtFP4E,tt0081696
pYBS9Sp0xU8,tt0120148
AdBu6VAESeI,tt0078748
__f2KtcXAxI,tt0817230
Rkc09sTiS7g,tt0268695
f2SskRLd4F4,tt0048028
lz98akbX_NE,tt0034587
w4RGgEi7T8E,tt0122541
VyEM6uxoo7o,tt0110005
6OKt2CZ4ULE,tt0087928
bc2muGlQIlk,tt0083929
4sNyWmYN-rM,tt2557478
AO_944kf0RA,tt0064665
FDDEVXimR2I,tt1979320
Mw1Z2Jlp9Qw,tt0096320
98I5LTPcRnw,tt0296572
lCqHKRjIMu8,tt2717822
23ZWuWe2riY,tt0829482
41MHIJIg6u0,tt0116191
7tXcQ8BBqXs,tt0264734
v0AyEpFDi48,tt6320628
4331uXY0nxA,tt0948470
N9d-c9ooO7s,tt0058586
R1f88CiYzes,tt0469021
uqMxfPMxW78,tt0163187
8p0YBrmfLyA,tt1045658
pCQ0k_WvwvQ,tt2848292
Z8zeMXCxlmE,tt0071577
IGVwlBTTqYM,tt0251160
iMJnr5bhQUI,tt0093137
_nSQhWq7etg,tt0448115
hQL6_NbLwtk,tt0134084
Y-N5lfNPLnY,tt0473692
fG1_01gDUoc,tt1020558
6PpQk63iIWw,tt0138524
jYnRBX2Trtk,tt0068646
onO71_aItKA,tt2377322
MsSPAEtYaZE,tt0375679
xEIhAu0v-kU,tt1320253
v5llnbqhLZM,tt2310332
M9F-ZtKswww,tt1821694
ZXkKHnmKWoI,tt0455857
bXzp-98u468,tt0031725
VK-GL8zzH9I,tt0780511
K0xpWKgNCk0,tt0449010
BxQMT4R51Dk,tt0138524
f0wEV9jySXg,tt2637276
Lcf227lWEek,tt0094721
ShB8ZLISubA,tt1320253
uX7CAoxBNOU,tt0910936
bMtdrKIdDgE,tt0083929
LjiRvVUmets,tt0251160
wcjCEUeC8nk,tt2378507
FuJ2soRp1VI,tt0918927
Dq6jS6uazUI,tt0090060
BIt9IYPOY2g,tt0050468
o1mDknOtAv4,tt0858479
xxulNn8UDtY,tt0095031
VWb1z6ZwUoY,tt0087332
oOp7Q_xw94I,tt2510894
jPsXJlylRvs,tt0106598
FQfb9ayuY3A,tt0107206
ycpEjbV4KRM,tt0104070
3NpYTks1mDI,tt1219342
5yGuDDemqaw,tt0350258
ir1sVy9JLyo,tt0425112
zQydroqGFbA,tt0375173
ZMURdEkb_3Y,tt0905372
9V2nsuzAzb8,tt0864761
P9jJ6Bejayg,tt6133466
P04IYEOIr38,tt0333780
4IErqIMLwtQ,tt0032138
tyyPSnHcthg,tt0259324
UsKSjKrIEq8,tt1690953
zsqpY4w2e1Q,tt0449010
6vjDZQtAKuc,tt0976051
i5dTE5dgWOw,tt2975590
yg42xdVf9mM,tt0479500
xEt5dEOcW0I,tt0098554
TeDEtT7YjYY,tt0259324
qDR_yTik_xo,tt0116483
sCsMjWjftZs,tt2267968
VtnxXJy01ag,tt0200465
dzvTHhWDjIg,tt0145660
o7WSgC9oGic,tt0112508
zCLyLBrugD0,tt0054331
JPjeOAVkSe4,tt5657846
UCGdsPwcKKg,tt1270797
B0FZhLeHy7A,tt0060086
74Ern74xGsQ,tt0117218
Vx0MQxIFBW8,tt2283362
OYeox3LLQ08,tt0049833
gi9EwdK-6L4,tt6499752
nS-0lfCTcrk,tt0101635
YVz211iI26o,tt0094226
lFHLE24hDQY,tt0338013
1itYlP2GpI8,tt0120601
7l79p5apaqQ,tt2378507
aKnvOP-1U00,tt0037913
e3mwmwPhr08,tt2184339
IvFBobchMoc,tt1646971
